fault,detector,rank,channel,contribution
1,SPE,1,xmeas_4,14.961630961662046
1,SPE,2,xmv_4,8.218707449041181
1,SPE,3,xmeas_38,8.100063242978578
1,SPE,4,xmeas_21,7.2920416914997235
1,SPE,5,xmeas_33,3.2483923083168857
2,SPE,1,xmeas_25,3.3505270911828284
2,SPE,2,xmeas_20,3.2147371860817446
2,SPE,3,xmeas_4,2.663457235852842
2,SPE,4,xmeas_23,2.6003204968846068
2,SPE,5,xmeas_22,2.463980047592154
4,SPE,1,xmv_10,13.634187118945151
4,SPE,2,xmeas_9,11.691198087674033
4,SPE,3,xmeas_33,0.5036442867538917
4,SPE,4,xmeas_25,0.44262415479649436
4,SPE,5,xmeas_29,0.42669197559017064
5,SPE,1,xmeas_38,7.597230006762445
5,SPE,2,xmeas_4,2.3921503727997626
5,SPE,3,xmv_4,1.3388889555784063
5,SPE,4,xmeas_11,1.1481337365046955
5,SPE,5,xmeas_33,1.0905434567721393
6,SPE,1,xmv_5,3744.332949169797
6,SPE,2,xmv_10,1546.807818902984
6,SPE,3,xmeas_9,1372.1227935876902
6,SPE,4,xmeas_20,594.252172313614
6,SPE,5,xmeas_1,365.0829261979464
7,SPE,1,xmeas_4,20.195518228057406
7,SPE,2,xmv_4,10.655390482080264
7,SPE,3,xmeas_38,4.633776434609699
7,SPE,4,xmeas_35,3.143060535691624
7,SPE,5,xmeas_20,1.7911208982676832
8,SPE,1,xmeas_20,5.410536640088671
8,SPE,2,xmeas_23,5.041821631081317
8,SPE,3,xmeas_38,4.921111219599649
8,SPE,4,xmeas_16,4.0479054357314075
8,SPE,5,xmv_5,3.4387967175264675
10,SPE,1,xmeas_18,4.974293249876173
10,SPE,2,xmeas_38,2.553637580639539
10,SPE,3,xmeas_19,2.5036369630542876
10,SPE,4,xmv_9,0.7361042756320404
10,SPE,5,xmeas_33,0.5478913677914306
11,SPE,1,xmv_10,16.51611172807551
11,SPE,2,xmeas_9,14.25539171195254
11,SPE,3,xmeas_33,0.5697391354149132
11,SPE,4,xmeas_25,0.5135226457470358
11,SPE,5,xmeas_38,0.4754839522453472
12,SPE,1,xmeas_38,13.719324728529124
12,SPE,2,xmeas_4,5.205655994227557
12,SPE,3,xmeas_11,4.775656178131691
12,SPE,4,xmeas_20,3.4154449715083506
12,SPE,5,xmv_4,2.84447360008134
13,SPE,1,xmeas_38,38.57377582372026
13,SPE,2,xmeas_16,24.852604642394244
13,SPE,3,xmeas_33,15.994797713579917
13,SPE,4,xmeas_7,15.162987559948041
13,SPE,5,xmeas_31,14.656740649729416
14,SPE,1,xmeas_21,49.86726552827354
14,SPE,2,xmeas_2,12.941081006928894
14,SPE,3,xmv_1,12.65411081305266
14,SPE,4,xmeas_22,2.1916386973107844
14,SPE,5,xmeas_11,1.2342326472032736
16,SPE,1,xmv_9,4.936387603104164
16,SPE,2,xmeas_19,2.0196287507089594
16,SPE,3,xmeas_18,1.484531464747069
16,SPE,4,xmeas_38,1.4208530427533972
16,SPE,5,xmeas_33,0.6227826220904373
17,SPE,1,xmeas_21,712.3625221529363
17,SPE,2,xmeas_2,180.23911764336424
17,SPE,3,xmv_1,178.05089936976773
17,SPE,4,xmeas_22,29.74530389647863
17,SPE,5,xmv_10,26.2244723516201
18,SPE,1,xmv_5,878.7456616175924
18,SPE,2,xmv_10,360.78252348490764
18,SPE,3,xmeas_9,313.04009071680514
18,SPE,4,xmv_1,193.70626373861091
18,SPE,5,xmeas_4,110.02229121020733
19,SPE,1,xmv_5,3.314513468577759
19,SPE,2,xmeas_38,1.7387202179074057
19,SPE,3,xmeas_33,0.9040724117669747
19,SPE,4,xmeas_23,0.8024682811107926
19,SPE,5,xmeas_21,0.7981195403075259
20,SPE,1,xmv_5,32.74063848386423
20,SPE,2,xmeas_20,8.557251822272207
20,SPE,3,xmeas_7,5.093274140804665
20,SPE,4,xmeas_23,4.182060620452313
20,SPE,5,xmeas_29,3.66700332998587
1,ridge,1,xmeas_1,10267.497885132807
1,ridge,2,xmv_3,10259.83394489067
1,ridge,3,xmeas_16,155.25691606996236
1,ridge,4,xmeas_19,85.10265256375223
1,ridge,5,xmeas_7,77.01115798365554
2,ridge,1,xmeas_10,8255.526258704578
2,ridge,2,xmv_6,8151.934233369227
2,ridge,3,xmeas_1,883.4265430732462
2,ridge,4,xmv_3,877.2126391560273
2,ridge,5,xmeas_34,488.97052189189463
4,ridge,1,xmv_10,120.74126015831098
4,ridge,2,xmeas_9,5.642443673084767
4,ridge,3,xmv_3,1.3064734708482195
4,ridge,4,xmeas_1,1.305300396948287
4,ridge,5,xmeas_26,1.112981867351329
5,ridge,1,xmeas_1,6050.554033201251
5,ridge,2,xmv_3,6028.1812381888
5,ridge,3,xmeas_10,1449.9723100464273
5,ridge,4,xmv_6,1369.9649217050148
5,ridge,5,xmeas_30,179.48228773200043
6,ridge,1,xmeas_1,318638.9343862844
6,ridge,2,xmv_3,234049.54252279512
6,ridge,3,xmeas_10,61638.494074436625
6,ridge,4,xmv_6,51690.640108989166
6,ridge,5,xmv_5,42114.679340465125
7,ridge,1,xmv_4,153.96732594973184
7,ridge,2,xmeas_18,43.47660399360758
7,ridge,3,xmeas_19,39.76830833110165
7,ridge,4,xmv_3,35.012994327458465
7,ridge,5,xmeas_1,34.93211201420393
8,ridge,1,xmeas_1,663.2431139061991
8,ridge,2,xmv_3,662.2067919985263
8,ridge,3,xmeas_10,308.7596780357278
8,ridge,4,xmv_6,299.9061404778486
8,ridge,5,xmeas_18,55.913007276724166
10,ridge,1,xmeas_18,496.6291728086614
10,ridge,2,xmeas_21,28.202874168653814
10,ridge,3,xmv_9,25.93292150195574
10,ridge,4,xmeas_16,22.028691744127187
10,ridge,5,xmv_3,14.783439251848346
11,ridge,1,xmv_10,196.75108872222276
11,ridge,2,xmeas_9,58.762694060418056
11,ridge,3,xmeas_21,2.64495345976369
11,ridge,4,xmeas_18,2.2022548299116416
11,ridge,5,xmeas_7,1.7807712533245352
12,ridge,1,xmeas_1,687.4695526300316
12,ridge,2,xmv_3,685.4173161760094
12,ridge,3,xmeas_10,156.78942644715673
12,ridge,4,xmv_6,147.07398693339115
12,ridge,5,xmeas_18,129.14308488479944
13,ridge,1,xmeas_1,395.3302514055934
13,ridge,2,xmv_3,394.874933603337
13,ridge,3,xmeas_18,273.69716074883314
13,ridge,4,xmeas_19,191.3637706762246
13,ridge,5,xmeas_21,110.1899728617547
14,ridge,1,xmeas_21,121.84715352308298
14,ridge,2,xmeas_9,77.19003388497407
14,ridge,3,xmv_10,70.08088885078547
14,ridge,4,xmeas_1,1.608325318479244
14,ridge,5,xmv_3,1.6035394356393478
16,ridge,1,xmeas_19,271.9777429109086
16,ridge,2,xmeas_18,260.5262580714007
16,ridge,3,xmv_9,80.31367652230895
16,ridge,4,xmv_3,12.600900022197731
16,ridge,5,xmeas_1,11.86468527117874
17,ridge,1,xmeas_21,15600.16729453936
17,ridge,2,xmeas_9,610.368023256943
17,ridge,3,xmeas_1,320.86656469393347
17,ridge,4,xmv_3,315.81657547300864
17,ridge,5,xmeas_20,184.89978586394503
18,ridge,1,xmeas_1,27542.477434909248
18,ridge,2,xmv_3,27391.3851435854
18,ridge,3,xmeas_19,11982.1860299972
18,ridge,4,xmeas_10,10326.197085079832
18,ridge,5,xmeas_18,10277.230432802664
19,ridge,1,xmv_5,20.938922204857462
19,ridge,2,xmeas_19,11.160904583815649
19,ridge,3,xmeas_18,10.905379251423435
19,ridge,4,xmeas_13,6.760075918490561
19,ridge,5,xmeas_20,6.7459204112986955
20,ridge,1,xmeas_13,296.7858338600667
20,ridge,2,xmv_5,187.41946841976574
20,ridge,3,xmeas_20,126.48111598501039
20,ridge,4,xmeas_1,85.65382719019311
20,ridge,5,xmv_3,83.97693560348787
