detector,faultNumber,detection_rate,median_delay_min,runs_missed
SPE,0,0.0,,
SPE,1,0.9918750000000003,15.0,0
SPE,2,0.9589583333333336,57.0,0
SPE,3,0.0,,
SPE,4,0.9941666666666669,12.0,0
SPE,5,0.12541666666666665,15.0,0
SPE,6,0.9958333333333333,9.0,0
SPE,7,0.9958333333333333,9.0,0
SPE,8,0.821875,67.5,0
SPE,9,0.0,,
SPE,10,0.1765625,177.0,0
SPE,11,0.4336458333333333,40.5,0
SPE,12,0.8671875,48.0,0
SPE,13,0.8933333333333333,136.5,0
SPE,14,0.7838541666666666,13.5,0
SPE,15,0.0,,
SPE,16,0.10114583333333334,156.0,0
SPE,17,0.8678125,118.5,0
SPE,18,0.884375,151.5,0
SPE,19,0.003333333333333333,610.5,4294967290
SPE,20,0.43218749999999995,165.0,0
T2,0,0.00052,,
T2,1,0.9854166666666666,25.5,0
T2,2,0.9728124999999999,39.0,0
T2,3,0.00020833333333333332,231.0,4294967277
T2,4,0.09135416666666667,64.5,0
T2,5,0.3315625,9.0,0
T2,6,0.9787499999999998,33.0,0
T2,7,0.9959375000000001,9.0,0
T2,8,0.9418749999999999,70.5,0
T2,9,0.00010416666666666666,231.0,4294967277
T2,10,0.08489583333333334,471.0,0
T2,11,0.2577083333333333,43.5,0
T2,12,0.9440625,37.5,0
T2,13,0.8844791666666666,159.0,0
T2,14,0.978125,12.0,0
T2,15,0.00020833333333333332,231.0,4294967277
T2,16,0.019375000000000003,690.0,4294967293
T2,17,0.6659375000000001,138.0,0
T2,18,0.8708333333333332,175.5,0
T2,19,0.009895833333333335,471.0,0
T2,20,0.13625,186.0,0
ridge,0,0.0,,
ridge,1,0.9935416666666669,12.0,0
ridge,2,0.9651041666666668,51.0,0
ridge,3,0.0,,
ridge,4,0.9688541666666666,9.0,0
ridge,5,0.9958333333333333,9.0,0
ridge,6,0.9958333333333333,9.0,0
ridge,7,0.9958333333333333,9.0,0
ridge,8,0.9544791666666667,52.5,0
ridge,9,0.0,,
ridge,10,0.6976041666666666,67.5,0
ridge,11,0.4535416666666666,33.0,0
ridge,12,0.9568750000000001,30.0,0
ridge,13,0.9017708333333335,138.0,0
ridge,14,0.9954166666666667,9.0,0
ridge,15,0.0,,
ridge,16,0.7118749999999998,45.0,0
ridge,17,0.866875,118.5,0
ridge,18,0.8927083333333334,141.0,0
ridge,19,0.029166666666666664,121.5,0
ridge,20,0.6351041666666667,151.5,0
